stock_code,up,down,reason
600036,0.52,0.48,根据评论数据分析，多数评论对招商银行的未来股价持积极态度，尤其是对银行的业绩、分红和资产质量等方面表示乐观。同时，部分评论提到股价上涨的目标价，显示出市场对股价上涨的预期。然而，也存在一些消极评论，提到股价下跌或对银行未来表示担忧。综合评论的情感分布和质量评估，预计未来第五个交易日股价上涨的概率略高于下跌的概率。
600050,0.52,0.48,根据评论数据分析，多数评论显示投资者对股票持有积极态度，尤其是关于股票上涨的预期和公司发展前景的讨论。尽管存在一些消极评论，但整体情绪偏向乐观，预示着未来第五个交易日股价上涨的可能性较大。
600104,0.58,0.42,根据评论数据分析，多数评论显示出对上汽集团未来发展的积极态度，尤其是对新车技术、领导层变动以及市场前景的乐观预期。虽然存在一些消极评论，但整体上积极情绪占据主导，因此预测未来第五个交易日股价上涨的概率较高。
600196,0.52,0.48,根据评论数据分析，多数评论表现出对复星医药未来发展的积极态度，尤其是关于公司新产品上市和业绩增长的评论。尽管存在一些负面评论，但整体来看，积极情绪的评论和高质量讨论的数量较多，预示着未来股价上涨的可能性较大。
600276,0.58,0.42,评论数据分析显示，多数评论对恒瑞医药的未来前景持积极态度，尤其是对于公司新药研发和业绩的正面评论较多。同时，有关于公司分红和提质增效的行动方案也获得了积极的反馈。尽管存在一些消极评论，但整体上积极情绪的评论数量和质量较高，因此预测未来第五个交易日股价上涨的概率较大。
600309,0.6,0.4,根据评论数据分析，多数评论对万华化学的未来持积极态度，尤其是关于科技创新和重大政策利好的评论获得了较高的关注和回复。尽管存在一些消极评论，但整体上积极情绪占主导，因此预测未来第五个交易日股价上涨的概率较高。
600438,0.52,0.48,根据评论数据分析，市场对通威股份的看法存在分歧。部分评论显示了对公司基本面及未来发展的积极态度，如提及公司实力、行业地位及政策支持等。而另一部分评论则表达了对公司股价、市场状况的担忧，包括行业盈利困境、融资压力等。整体来看，积极评论的阅读量和回复量较高，表明市场关注度较高，因此预测未来第五个交易日上涨概率略高。
600519,0.55,0.45,根据评论数据分析，虽然存在一些消极评论，但整体上积极评论较多，且积极评论的阅读量和回复量普遍较高，显示出市场对该股票的信心。此外，一些评论中提到了公司业绩增长、市场回暖等积极因素，以及一些投资者对股票的看好态度。综合来看，未来第五个交易日相较于当前情况下，该股票上涨的概率较高。
600547,0.6,0.4,根据评论数据分析，多数评论对股票表现出积极态度，尤其是对黄金市场的看好和山东黄金的业绩预期。尽管存在一些负面评论，但整体评论情绪偏向正面，预示着未来第五个交易日股价上涨的可能性较大。
600570,0.52,0.48,根据评论数据分析，多数评论对公司的未来展望持积极态度，尤其是马云的持股和回国消息，以及公司业绩预告等正面信息，提升了股价上涨的预期。然而，也存在部分消极评论，提及股票可能的下跌风险和负面情况。综合评论的情感分布和质量评估，上涨和下跌的概率相对接近，但正面评论略多，因此预测上涨概率略高。
600585,0.55,0.45,根据评论数据分析，尽管存在一些消极情绪和疑问，但整体评论情绪偏向中性至积极，尤其是有一条评论('东方红')显示出较强的积极情绪，且回复量较高，表明市场对该股票的关注度较高。同时，评论中提及的'作为建材行业的佼佼者，应担负起平抑指数的重任'可能表明市场对该股票的长期表现持积极态度。因此，预测未来第五个交易日股价上涨的概率为55%，下跌的概率为45%。
600588,0.2,0.8,根据股吧评论数据分析，大多数评论表现出对股票未来的悲观态度，包括对股价下跌的预期、对公司业绩的担忧以及对股票价值的负面评价。尽管有少数评论表现出对股价上涨的期待，但整体情绪偏向消极，因此预测未来第五个交易日股价下跌的概率较高。
600690,0.52,0.48,根据评论数据分析，多数评论对海尔智家的未来业绩持积极态度，尤其是融资净偿还、沪股通增持等正面消息，以及一些评论者对家电行业的长期看好。尽管存在一些消极评论，如对产品质量和服务的抱怨，但整体来看，积极情绪的评论和高质量的讨论（如回复量较高的评论）对股价上涨的预期起到了正面影响。
600703,0.3,0.7,根据股吧评论数据分析，大多数评论表现出对该公司业绩的担忧和不满，以及对未来股价的悲观预期。尽管有一些评论表达了对公司未来业绩的乐观态度，但整体情绪倾向于负面。因此，预测未来第五个交易日该公司股价下跌的概率较高。
600745,0.52,0.48,根据评论数据分析，虽然存在一些消极情绪和看跌的观点，但整体上积极和中性的评论较多，尤其是有几条评论显示出对公司的未来发展和业绩有信心。同时，较高的阅读量和回复量表明市场对该股票的关注度较高，这可能预示着股价的上涨。
600809,0.6,0.4,根据评论数据分析，有两条评论显示积极的市场情绪，其中一条评论提到山西汾酒的成长性最好，并预期股价将创新高。尽管有一条消极评论，但整体评论情绪偏向积极，且积极评论的阅读量和回复量较高，表明市场对股票的正面关注较多。因此，预测未来第五个交易日股价上涨的概率为60%。
600837,0.52,0.48,根据评论数据分析，多数评论显示出对海通证券的积极态度，尤其是关于公司业绩、业务稳定性和潜在利好的消息。尽管存在一些消极评论，但整体评论情绪偏向正面，预示着未来第五个交易日股价上涨的可能性较大。
600887,0.52,0.48,根据评论数据分析，多数评论对伊利股份持积极态度，尤其是提到回购、投资价值、稳步前进等正面信息。尽管存在一些消极评论，如提到股价下跌、亏损等，但整体评论情绪偏向正面，预示着未来第五个交易日股价上涨的可能性较大。
600893,0.6,0.4,评论数据分析显示，多数评论对股票的未来表现持积极态度，尤其是关于业绩增长、融资买入和市值增加的评论。尽管存在一些消极情绪，如对操盘手的批评和业绩下降的担忧，但整体评论情绪偏向正面，预示着未来股价上涨的可能性较大。
600918,0.52,0.48,评论数据显示市场情绪较为乐观，多条评论提到券商并购潮、积极合并、建仓等积极信号，尽管存在一些消极评论，但整体来看积极情绪占主导，预示未来第五个交易日股价上涨的可能性较大。
601012,0.3,0.7,根据评论数据分析，多数评论表达了对光伏产业前景的担忧，以及对公司业绩和股价下跌的负面情绪。尽管有部分评论提到了公司扩产和技术领先等积极因素，但整体来看，负面评论的数量和阅读量都超过了正面评论。因此，预测未来第五个交易日股价下跌的概率较高。
601066,0.52,0.48,根据评论数据分析，多数评论表现出对股票的积极态度，尤其是评论中提到中信建投的强势表现和看好的情绪。尽管存在一些消极评论，但整体评论情绪偏向正面，预示着未来第五个交易日股价上涨的可能性较大。
601088,0.52,0.48,根据股吧评论数据分析，多数评论表现出对该股票的积极态度，认为股价有上涨潜力，尽管存在一些消极评论，但整体来看，积极情绪占据主导，因此预测未来第五个交易日股价上涨的概率为52%。
601138,0.55,0.45,根据评论数据分析，积极情绪的评论数量较多，且阅读量和回复量较高，表明市场对该股票的预期较为乐观。同时，部分评论中提到了业绩增长和行业前景的看好，这可能会对股价产生正面影响。然而，也存在一些消极情绪的评论，以及关于业绩预告和资金流出的担忧，这可能会对股价产生负面影响。综合考虑，预测未来第五个交易日相较于当前情况下，该股票上涨的概率为55%，下跌的概率为45%。
